{"Filename": "sample6.mp4", "Hand_Height": [276.21, 276.11, 275.95, 275.83, 275.81, 275.76, 275.69, 275.63, 275.59, 275.7, 275.69, 275.73, 275.76, 275.76, 275.76, 275.45, 275.02, 272.17, 271.84, 270.21, 267.49, 265.76, 264.72, 264.08, 264.7, 264.91, 249.66, 233.62, 217.32, 205.54, 191.17, 185.56, 179.86, 172.34, 173.16, 171.89, 167.14, 163.82, 159.93, 160.0, 160.8, 160.78, 163.31, 163.77, 163.7, 164.37, 163.06, 163.49, 158.12, 156.43, 153.68, 154.29, 155.14, 155.59, 157.56, 159.44, 159.36, 159.33, 157.68, 156.07, 154.28, 152.68, 150.6, 150.78, 150.97, 151.18, 151.31, 151.44, 151.94, 152.01, 151.14, 148.65, 145.61, 141.7, 133.38, 126.35, 119.91, 115.71, 108.96, 106.49, 104.12, 103.4, 102.6, 105.11, 106.38, 113.53, 123.83, 133.0, 145.85, 154.98, 164.38, 170.65, 172.85, 174.08, 174.23, 174.06, 172.4, 170.61, 169.48, 169.02, 168.74, 168.8, 171.22, 173.36, 173.0, 172.98, 173.8, 173.72, 173.55, 173.41, 173.27, 173.54, 173.08, 172.95, 172.25, 171.93, 171.72, 171.83, 171.98, 171.29, 167.42, 164.61, 160.04, 157.4, 158.28, 163.46, 170.29, 174.4, 177.14, 177.57, 178.06, 178.24, 177.92, 177.89, 173.09, 165.9, 161.16, 158.68, 160.19, 162.35, 162.77, 162.91, 162.76, 162.02, 158.9, 148.83, 144.87, 134.89, 131.25, 130.34, 130.54, 127.89, 122.07, 118.15, 116.14, 115.08, 113.08, 112.92, 119.92, 112.08, 109.56, 107.0, 106.02, 105.35, 105.97, 106.47, 106.21, 105.68, 105.88, 106.08, 105.71, 109.48, 108.37, 107.57, 107.68, 108.08, 109.62, 116.79, 123.36, 131.44, 140.79, 151.72, 159.84, 168.1, 180.21, 180.48, 181.17, 180.82, 178.58, 178.6, 177.92, 174.11, 172.14, 167.73, 165.79, 161.5, 161.97, 161.72, 162.71, 163.22, 163.18, 160.23, 155.02, 152.24, 149.35, 144.86, 139.95, 136.76, 132.67, 128.49, 128.82, 129.44, 127.38, 127.14, 126.39, 126.97, 127.35, 126.1, 126.23, 126.65, 127.22, 130.0, 131.02, 131.52, 133.48, 135.3, 135.65, 136.26, 138.4, 141.24, 145.78, 146.21, 151.44, 152.74, 158.77, 165.68, 171.34, 172.12, 173.57, 173.98, 173.7, 174.0, 174.16, 177.75, 183.34, 200.03, 211.61, 233.5, 242.93, 255.48, 264.27, 274.0, 281.62, 279.56, 276.32, 276.03, 276.24, 277.04, 277.58, 276.92, 276.2, 275.87, 275.22, 274.64, 273.92, 272.69, 272.13, 272.06], "Hand_Distance": [225.87203833144113, 217.83965134933538, 218.03130279847434, 219.11830457540512, 219.6630658531379, 219.97386231095732, 219.25354387101706, 218.48895738686656, 218.28387984457302, 218.0152402929667, 217.96570670635325, 218.19903299510744, 218.35458135793712, 218.7791470867367, 221.89275337423703, 226.42995495296108, 232.66529650981468, 234.8402610286405, 229.63184491703237, 226.52873239392838, 226.64191889410046, 232.89266046829385, 243.558420917857, 244.08600861171865, 231.16260618880384, 215.49542292123053, 199.2847781442426, 180.30612662913038, 162.8296057232836, 153.53412421999226, 156.71288715354586, 159.44673154379802, 162.00085246689292, 163.1933837506901, 163.44066201530143, 163.91514908634892, 165.1038464118871, 166.702842507259, 168.59841784548277, 169.77643770558976, 170.07336064181243, 170.37748589529073, 170.8159644178494, 171.1410719260575, 171.4452594853529, 172.046559105377, 172.9804338646426, 173.3261440175717, 172.67603250017072, 170.14294049416216, 162.99737482548608, 147.52822814634493, 129.44685550448878, 115.96955850566991, 103.25404447284379, 88.74753630383213, 76.86502585701773, 75.15223017316254, 72.89083412885327, 70.52293385842651, 68.23731017559236, 64.96449799698293, 63.245913701993416, 63.873021691477845, 64.32651475091745, 64.79228117607839, 64.9902492686403, 65.26621484351608, 64.78153517785758, 63.4800953055365, 61.21538695458846, 57.804516259545, 52.705834591627514, 43.42802436215581, 32.11867525288052, 22.662325564689954, 15.758001142276889, 15.089718353899125, 15.11100592283649, 15.216997075638794, 15.732978103334416, 16.31339633552745, 16.797657574793, 18.253396944130728, 20.60951479292999, 26.74876632669253, 38.580571535424404, 53.96528977036998, 68.97603424378642, 81.90434542806625, 92.93716694627612, 97.41815898486277, 97.00935264189737, 97.08046404915872, 97.99849233534155, 97.61870363818606, 96.01509256361733, 94.45064160713785, 93.47998823277632, 92.94947928848232, 90.28177280049391, 87.18828935126552, 81.08698107587927, 70.81871009839139, 66.26304022605663, 68.4872141351946, 71.15156358085184, 72.33946225954408, 71.10939811304833, 66.76326609745813, 64.22651866635776, 64.44597427302966, 65.58392790920655, 68.8318538178364, 72.01082488070806, 72.76152005009241, 72.33742323306797, 68.43826415098502, 61.07331004620595, 48.925281808079546, 34.82774899415694, 23.055693440016043, 33.72042852633993, 44.897421974986486, 50.13698235833505, 52.824549217196356, 55.393647650249584, 56.80940943188903, 59.871290281736876, 62.905060209811424, 62.792612622823725, 62.218470730161805, 62.360356798209565, 63.72657608878733, 66.03389205551947, 67.29537056885859, 67.40144212107039, 67.22504667160896, 66.58243762434655, 66.03683896129492, 68.10777415244165, 72.13490833154222, 74.74508813293353, 77.4231037869188, 78.45800978867612, 79.23343296866545, 85.85503712654256, 96.56618145085783, 109.73226781580703, 123.87126583675489, 136.36389551490527, 147.28533396098882, 154.93967890763167, 157.2182133214851, 156.1670339732429, 152.56174618822374, 139.9689122626878, 117.4525419052308, 112.38709712418058, 122.27121533705306, 127.81052421455755, 131.8066007451827, 132.596690758103, 130.86292561302454, 128.71500650662298, 128.38938001252285, 128.92088814462923, 129.44297045417335, 129.3864019130295, 129.63417952068045, 127.2095106507371, 125.33779358198387, 127.76935235024087, 133.66261594028452, 140.8797575949079, 145.2610374463848, 145.61150023263957, 140.47714476027764, 129.94003116822776, 115.04299935241606, 98.36174154619265, 98.6865831813018, 98.38038473191695, 96.9589366690869, 98.79462434768404, 102.3380564599504, 104.7232629361786, 103.5745422389112, 102.6811730552393, 103.13175699075428, 99.86323147184854, 95.07783443053381, 90.1058632942385, 84.4653686430125, 78.1469897052983, 74.12641701849618, 74.16166260272217, 75.39831894677758, 78.10324449086608, 79.96184089926895, 78.55731410887213, 72.75066735089102, 66.61771536160634, 62.87310474280716, 58.04630306918779, 51.245773484259175, 44.39808329196204, 36.837091361832556, 28.720445678993208, 24.402706817072573, 24.609855749272473, 23.325629680675284, 21.01556803895626, 19.70182732641822, 19.926314260294106, 20.068532582129684, 20.421948976530146, 21.640556832022593, 24.390164001088632, 27.785471023540342, 30.816729222939927, 33.72246728814485, 35.52617063518103, 35.89992896928905, 36.45425215252674, 37.62472591262297, 38.96678072409885, 40.110327847076995, 42.75921888903025, 50.01142669430658, 52.46498356046631, 55.03535772573846, 57.150503934786094, 59.89440791927075, 71.17560045408823, 82.42879411953085, 87.30740461152193, 88.73360130187436, 90.02218670972172, 89.39002237386451, 88.1908113127439, 87.52651026974627, 88.79228175917093, 89.38425924065155, 99.97151294243776, 106.80669735554977, 121.37004984756331, 146.6943124323503, 165.69734578441506, 186.53343828922473, 200.30465196794606, 205.0109616581513, 205.08813349387134, 201.97684644532896, 198.71150570613665, 196.65374773952308, 196.5475311470485, 196.96468642881138, 196.0203767469086, 194.7019324506051, 193.73473462443434, 192.5385273133666, 191.5984070914996, 190.6858539588084, 190.11989611821272, 189.8016448822296, 189.56121966267253], "Initial_Frame_Count": 268, "Post_KFS_Frame_Count": 178, "Percentage_Reduction": 33.58, "Hand_Height_Threshold_Value": 224.45461495937974, "Hand_Distance_Threshold_Value": 45.86847684642711}