{"Filename": "sample3.mp4", "Hand_Height": [311.15, 307.46, 301.18, 299.79, 300.7, 296.39, 287.55, 283.99, 277.23, 254.91, 232.06, 219.26, 193.52, 177.66, 169.88, 163.38, 159.13, 152.72, 151.96, 153.52, 183.33, 185.26, 182.89, 179.56, 173.96, 172.78, 171.42, 170.31, 170.84, 171.33, 170.78, 169.7, 169.91, 168.52, 166.7, 165.41, 164.4, 163.97, 163.65, 163.72, 163.73, 163.82, 163.81, 163.07, 161.14, 150.58, 141.86, 131.28, 121.7, 120.19, 119.1, 120.73, 124.16, 134.45, 150.05, 159.29, 166.61, 170.92, 172.12, 172.93, 175.18, 174.85, 174.01, 172.78, 171.86, 171.33, 171.06, 170.67, 170.84, 170.66, 169.41, 168.43, 167.38, 163.47, 163.72, 164.24, 164.34, 168.98, 173.2, 176.46, 177.88, 177.64, 176.89, 177.19, 178.22, 179.4, 179.12, 178.06, 176.79, 172.9, 171.5, 171.7, 176.68, 177.25, 181.6, 188.27, 195.31, 199.21, 201.2, 201.42, 201.36, 201.73, 201.63, 201.64, 201.45, 201.41, 201.45, 201.26, 200.61, 196.2, 188.36, 180.24, 180.74, 178.72, 179.75, 180.83, 180.5, 174.88, 166.49, 155.99, 147.59, 141.94, 143.75, 145.24, 146.16, 143.08, 139.79, 137.07, 136.09, 135.26, 134.0, 136.45, 135.5, 136.43, 137.2, 137.12, 142.68, 138.79, 133.63, 133.18, 130.96, 128.66, 128.55, 130.72, 130.95, 136.96, 141.57, 140.91, 140.59, 141.58, 149.48, 165.42, 176.86, 165.33, 166.88, 159.71, 148.84, 146.49, 149.18, 149.42, 148.06, 146.48, 140.0, 142.43, 144.53, 144.82, 145.73, 152.05, 158.47, 161.76, 163.43, 164.22, 163.74, 163.65, 163.21, 162.74, 159.63, 159.5, 158.58, 157.26, 147.88, 145.52, 146.13, 146.35, 146.51, 146.63, 146.89, 147.07, 150.32, 153.92, 157.62, 158.08, 150.34, 150.3, 146.99, 143.16, 139.29, 138.31, 131.94, 125.62, 124.47, 124.18, 124.24, 125.22, 125.93, 126.95, 127.56, 130.87, 134.06, 135.15, 135.66, 136.62, 136.87, 136.77, 136.58, 137.26, 140.02, 141.54, 144.25, 140.95, 139.46, 146.61, 164.29, 178.34, 194.22, 210.08, 220.84, 242.55, 261.9, 268.14, 277.73, 290.13, 285.43, 284.6, 285.67, 285.3, 285.31, 286.26, 285.92, 286.11, 285.96, 286.03, 285.92, 286.14, 286.0, 285.97, 286.06, 286.08, 286.19, 286.34, 286.53], "Hand_Distance": [281.9098171401627, 279.6674677183601, 275.5204311843316, 275.8830616402537, 264.94521433685117, 250.1998739008475, 261.9398146521449, 271.65031511117377, 250.60265601146372, 214.51948909131778, 192.22910601675284, 169.22325253935998, 134.5093900067947, 113.34061937363849, 104.19172519926903, 104.07023830087063, 105.3237546805088, 105.07704221189324, 102.99609701343054, 129.96618021623934, 164.09385119497927, 157.51644993460204, 148.42298777480528, 131.6192607485698, 116.96637893001562, 114.26664123881474, 112.50968180561172, 112.53813442562482, 113.73929707889002, 113.1636058987164, 109.30490245181137, 106.42665314666246, 103.64235813604398, 97.17165430309396, 91.84477611709877, 88.63753663093306, 85.79403242650389, 83.74032481427334, 83.18473417641005, 83.59419357826236, 83.75684867519789, 83.71447963166229, 82.94606681452713, 79.10787824230907, 67.91939340129592, 52.95597888812935, 38.427043862363405, 23.089428316872635, 14.845881583792863, 15.17409634871216, 17.774096320207114, 20.553892575373656, 31.384301808388216, 50.43077730909966, 67.21973296584866, 81.01155781738801, 93.50259087319452, 100.62394943550963, 103.82648024468519, 108.27973263727614, 111.04430917431114, 109.95837848931748, 108.03712047254868, 106.04171726259436, 104.56840536223169, 103.12830164411709, 102.37501746031596, 104.76740762279076, 107.35363058602164, 106.74242502398003, 104.9798504475978, 103.37536505376899, 97.46522251552089, 91.94526469590483, 88.86861369459974, 82.68236087582406, 79.5072122514681, 79.60609273164962, 81.58206910835248, 85.53285275261197, 87.51862030448147, 86.80077937438118, 86.56568026648897, 88.50537667283271, 92.59886176406275, 94.93662096367238, 90.87396106696352, 82.91252800391507, 69.95216222533796, 51.49027189673792, 40.99210777698554, 46.05251893219305, 46.59461878801027, 42.89728779305282, 49.48073261381646, 60.432392803859756, 67.72452731470335, 69.86272253498285, 66.9041852203582, 62.113898605706595, 61.33060002967525, 61.26066029680059, 60.76203173034949, 59.56242187822787, 55.45523329677731, 51.174065697382304, 50.26482865781998, 50.95418530405525, 49.52832018148808, 43.56652384572356, 35.71492685138808, 37.67890656587584, 44.03168404683154, 51.179020115668486, 66.3583197496742, 76.31116628646166, 70.69185525928712, 57.37273307068438, 69.05333952822268, 81.39685313327537, 91.32826616113985, 98.89563236058508, 104.94032828231482, 112.94372448259354, 119.3121217647226, 123.1654273731066, 127.21982942922067, 127.8984006936756, 127.08138494681273, 127.91009381592994, 125.5203449644718, 122.20240341335355, 121.14440721717202, 119.46865404782965, 118.25710972284078, 119.27820588858638, 119.3413779876871, 118.34149314589537, 119.61442471541632, 121.47750162067048, 124.73028261011838, 126.40948896344766, 124.77346192199686, 122.8740936894348, 118.49591089991249, 116.35105715033274, 118.99449567101833, 111.80095929820996, 111.47692900326955, 105.39693069534805, 90.75052506735156, 90.30921381564563, 80.00879076701511, 69.50165537596929, 64.37009554133037, 52.772664325387254, 46.85781258232186, 51.765133053050306, 56.74095963235024, 57.622361110943714, 56.73585198091238, 51.34337737235446, 48.51723405141725, 53.37190740455133, 56.75873324872569, 59.20602840927601, 67.13357803662784, 79.34343388081966, 87.50417418614953, 90.84931975529592, 92.78280066908954, 93.11995758160548, 92.39100497342802, 91.34724626391319, 89.52600180953019, 85.31601783955931, 81.70692320727785, 80.22934188936117, 77.42511801734629, 66.86407181738186, 53.98486547172272, 51.520739513326085, 51.937101382345155, 52.135064016456326, 52.22690685843839, 52.439467960687765, 52.821149173413474, 55.60186417738168, 61.65814463637386, 68.60762931336426, 72.99408469184336, 67.87917869273318, 61.05881836393496, 57.54397362018026, 50.501194045289665, 42.80903759721772, 37.39191891304858, 31.555444855048396, 20.805540127571795, 13.033203750421468, 11.929245575475427, 11.654569919134728, 23.663907116112508, 31.865180055979586, 31.433130610869792, 32.18261176474028, 30.285686388127285, 24.787240669344374, 26.963755302257148, 28.33749636082906, 29.59594566828369, 30.647185841443914, 30.886437152899333, 30.717044128626718, 31.218180600412968, 34.555961858990415, 38.36045098796415, 41.76506315091598, 40.07414128836699, 33.33181663216092, 35.848057130059374, 56.48863336990904, 73.75551572594419, 96.40174790946477, 125.83494625897848, 145.08811667397163, 166.14628524285456, 196.2974989652186, 215.1960036803658, 217.39637554476386, 231.99745623605446, 238.2752446226842, 215.97900847073083, 204.65840051168195, 203.65898286105627, 202.29619991487732, 203.80010328751064, 205.50666874824282, 206.32733338072302, 207.06219476282965, 206.371130006113, 203.63377544012684, 201.24334572849855, 200.57087450574673, 200.68411122956397, 201.36329084517862, 201.94974622415347, 202.25381801093394, 202.62863025742436, 203.03165984643866], "Initial_Frame_Count": 251, "Post_KFS_Frame_Count": 184, "Percentage_Reduction": 26.69, "Hand_Height_Threshold_Value": 224.4062745993257, "Hand_Distance_Threshold_Value": 38.54771166789562}