{"Filename": "sample1.mp4", "Hand_Height": [315.74, 320.66, 321.08, 322.73, 323.42, 323.21, 322.78, 322.56, 322.33, 322.06, 321.92, 321.17, 321.11, 319.58, 318.46, 317.65, 316.0, 309.12, 302.08, 295.7, 259.88, 251.44, 243.8, 158.92, 137.62, 131.24, 127.93, 125.55, 127.28, 126.15, 135.1, 142.77, 148.4, 150.85, 149.06, 145.62, 144.0, 144.28, 145.11, 146.0, 147.57, 149.98, 152.3, 153.05, 153.03, 153.53, 152.49, 152.05, 151.17, 149.83, 149.36, 149.58, 149.6, 149.27, 149.93, 150.57, 150.71, 152.26, 158.66, 159.67, 160.45, 161.09, 154.13, 139.66, 130.5, 117.97, 102.16, 100.68, 96.84, 100.68, 105.72, 119.85, 131.09, 151.65, 154.87, 153.07, 151.83, 151.13, 151.15, 151.12, 151.07, 150.69, 150.63, 150.72, 151.25, 151.4, 151.59, 150.92, 150.87, 149.6, 150.94, 152.03, 147.06, 141.53, 141.19, 140.26, 140.74, 142.85, 148.45, 149.72, 143.18, 142.29, 142.99, 143.86, 143.26, 143.9, 150.99, 155.42, 157.43, 158.7, 155.34, 150.7, 147.42, 146.55, 148.64, 149.27, 153.84, 159.58, 162.37, 164.03, 164.98, 165.62, 166.35, 166.6, 166.41, 166.41, 165.53, 162.56, 160.68, 153.72, 146.14, 137.76, 131.89, 128.21, 125.67, 123.81, 121.15, 117.98, 116.51, 116.75, 118.9, 120.16, 116.88, 112.49, 107.79, 106.48, 105.41, 105.8, 105.83, 105.79, 106.2, 106.6, 106.8, 106.99, 107.85, 109.21, 109.64, 110.8, 111.26, 111.62, 111.77, 111.82, 111.86, 111.98, 112.03, 112.03, 112.11, 112.23, 112.35, 112.72, 112.95, 113.97, 116.37, 120.08, 128.06, 136.53, 150.29, 162.89, 157.92, 152.39, 147.86, 144.68, 140.59, 139.33, 139.75, 140.52, 140.81, 140.07, 141.43, 142.77, 143.46, 143.72, 145.0, 145.18, 143.67, 141.01, 136.48, 135.18, 135.05, 132.96, 130.9, 131.56, 132.16, 130.71, 128.85, 126.96, 125.6, 125.9, 126.25, 127.14, 129.17, 130.77, 132.23, 133.12, 133.44, 133.52, 133.82, 134.08, 134.1, 134.2, 134.36, 134.76, 135.67, 137.5, 149.56, 160.72, 169.76, 187.7, 209.08, 242.69, 283.33, 295.27, 306.67, 312.67, 313.48, 312.37, 310.45, 310.95, 313.75, 315.81, 315.1, 317.06, 319.64, 319.98, 318.88, 318.11, 317.6, 317.36, 317.31, 317.44, 317.7, 317.7, 318.1, 318.85, 318.75, 319.02, 318.95, 318.54, 318.68, 318.48, 318.33, 317.7], "Hand_Distance": [293.9704100755721, 302.8959882533937, 306.0520481878859, 307.4784561558745, 307.57030497107485, 307.0683344143449, 306.69343406731093, 306.502526253863, 306.14198095001603, 305.3857010405039, 304.24748560998825, 303.3842542057844, 301.6554776562163, 298.8051647813337, 296.6817933409463, 294.18976460781226, 286.31136914205837, 266.12177682406974, 245.96593585291436, 217.6749907545651, 187.77931302462474, 186.86156185797017, 189.50956730466146, 196.0511405220587, 198.88529608797128, 201.72197426160596, 205.28334077562164, 207.67756258199873, 207.8117275323989, 204.65107891237705, 197.0621224385853, 190.6716995256506, 188.58579426881545, 186.04522380324627, 185.21730075778558, 187.09417548389902, 190.37968195162003, 188.94288290380243, 177.37353861272544, 152.6698955262628, 123.83914163139211, 94.28995757767629, 61.523328908634326, 44.31747285213814, 27.549607982691874, 19.418223399683104, 23.305048809217297, 31.918959882803215, 36.160851759879776, 37.556758379817616, 36.850781538523734, 36.042898052182224, 37.289314823418266, 37.213498894890286, 37.21349889489027, 39.748364746238295, 41.30919994383819, 43.67300310260333, 47.22516278426154, 50.0209406149065, 52.592328337885945, 53.99549055245261, 54.15042197434844, 51.7617590504805, 47.26470670595554, 42.36638407983386, 37.38708333101153, 34.87524050096285, 37.13782573064826, 41.63124067332129, 45.106862005686025, 50.09268309843266, 55.553074622382525, 57.51609340002153, 59.96337965792121, 65.95993101876319, 71.7677824653932, 75.3166927048712, 77.11222795380768, 78.1436401762805, 79.1840451101104, 80.40044900372136, 81.56658445711699, 81.9608815228338, 82.22339934592829, 82.55475334588554, 82.9378279194723, 84.35616930610351, 90.93571850488674, 98.29479843816763, 99.22020610742553, 92.30362289747896, 78.88854986625121, 67.95158423465931, 62.714312561009535, 61.56913674886144, 65.03489909271791, 67.948072084497, 73.26844682399101, 87.43043406045744, 103.51910596600031, 114.12196326737461, 122.21848346301796, 130.50501982682505, 136.36629238928512, 134.12267966306072, 126.47399416480843, 121.02565223951491, 116.86726359421615, 113.86928866028805, 108.79225431987335, 101.85156896189669, 95.82966972707356, 87.34229903088195, 79.62739227175533, 76.08613605644592, 73.85826020155093, 71.0293136669643, 68.8943575338358, 67.06430645283675, 65.30887841633786, 64.23881692559414, 62.577536704475676, 60.581866924022755, 60.10091929413394, 66.76427562701477, 75.96628528498678, 85.64543478785076, 99.00733558681397, 111.51636875364981, 120.9964879655604, 125.10841258684405, 124.43820715519811, 122.47826337762956, 120.98605291520174, 121.91695575267617, 125.13369650098251, 128.31598029863622, 129.32276868363127, 127.48289179336966, 124.79328507576038, 126.16044269104323, 130.9673279867922, 135.76156193856934, 137.66695500373353, 137.36256331329872, 137.1294166107331, 136.98075193252518, 137.1858392837978, 137.15758272877224, 136.99486851703608, 137.30638004113285, 137.89314159884822, 138.27478331207033, 138.32424660918997, 138.5933447175585, 139.05967783653173, 139.6047151782489, 140.1486218269734, 140.40318016341368, 140.62235561958133, 140.74253656943947, 140.6930577533945, 140.59404290367357, 140.5798993455323, 140.56575863274813, 140.50212382736427, 140.36779723284113, 140.11330308004304, 139.6962476231914, 138.8557989426441, 136.73485656554442, 132.3518783395234, 121.36749029291164, 104.24816641073357, 84.47220252840577, 69.19202049369565, 68.5143196711461, 64.77462852074103, 59.61367712194912, 55.75591896830328, 52.186861373338026, 49.267138134866336, 49.38164537558465, 50.80429115734221, 51.72511672292292, 51.32492766677805, 51.83485410416431, 53.581871001300435, 54.55405851080193, 54.87149350983623, 55.62569550126992, 56.33519770090455, 55.19450153774378, 52.203725920665846, 47.57260766449532, 49.664499393429914, 63.4586763177424, 84.23815109556952, 114.78648918753458, 142.99392889210367, 165.29314474593312, 184.5681326773395, 198.20040363228324, 205.41047295598148, 209.08376885832146, 209.8991796077345, 209.20465099992398, 208.54143569084778, 207.70555023879362, 208.6696269225591, 209.96141669363917, 207.8888284636767, 205.21672495193954, 203.8687521421564, 202.14168521114095, 201.32043736292647, 201.07997040978498, 200.86080204957864, 200.9528116250181, 201.91565491561073, 201.46525382804845, 201.73570159989035, 201.91128200276478, 198.99373985128275, 196.7885901163988, 192.8442480345214, 182.99494665154006, 171.7699580834786, 207.2094633456686, 232.06023032824902, 240.67356522892163, 254.29026131568628, 260.0275264274919, 258.62433315525436, 257.8191158545076, 258.15965079771854, 262.05520219984186, 267.5611326407481, 270.1360111129207, 274.0033959643566, 281.2361715711547, 285.37533355214845, 285.6363304973651, 284.1594179329624, 282.8782976829436, 282.750884879252, 283.0619262634945, 283.3589852113393, 283.8044678999962, 284.04479435469324, 284.31360853817745, 285.1272145902597, 285.614579809925, 285.16934004201784, 284.6458734989847, 284.0027989298697, 283.21762745281234, 282.48949927386684, 282.2275849381134, 281.84624549566024], "Initial_Frame_Count": 262, "Post_KFS_Frame_Count": 156, "Percentage_Reduction": 40.46, "Hand_Height_Threshold_Value": 248.57236176373516, "Hand_Distance_Threshold_Value": 61.165515419237266}