{"Filename": "sample4.mp4", "Hand_Height": [231.67, 232.01, 232.03, 231.95, 231.8, 231.62, 231.53, 231.5, 231.51, 231.56, 231.62, 231.6, 229.04, 220.29, 205.92, 196.67, 185.13, 173.0, 165.89, 160.85, 156.9, 152.64, 150.78, 157.04, 158.5, 158.86, 158.87, 158.34, 159.45, 160.77, 165.96, 176.33, 180.53, 182.6, 182.6, 181.96, 181.47, 181.22, 181.63, 188.46, 192.37, 192.8, 191.5, 183.37, 171.78, 161.04, 151.2, 140.61, 131.14, 121.37, 116.1, 118.32, 126.29, 138.39, 144.36, 178.22, 186.07, 188.26, 189.37, 190.78, 194.25, 197.27, 201.36, 204.26, 205.5, 204.8, 203.87, 202.5, 197.59, 191.23, 185.36, 182.86, 178.26, 177.8, 178.78, 181.68, 183.95, 185.89, 187.74, 188.05, 188.27, 193.36, 199.86, 204.98, 208.45, 216.34, 226.34, 234.58, 222.96, 196.56, 177.56, 158.54, 148.3, 148.6, 152.68, 176.06, 203.33, 195.34, 195.82, 202.01, 204.53, 205.0, 191.78, 179.34, 173.45, 171.21, 167.23, 156.01, 146.52, 139.74, 132.12, 123.7, 117.24, 112.46, 108.31, 104.95, 102.68, 100.55, 101.04, 101.03, 100.97, 100.66, 101.19, 102.16, 102.77, 103.74, 104.42, 112.57, 117.6, 125.89, 138.85, 172.47, 187.48, 203.28, 200.02, 194.76, 192.01, 191.56, 188.91, 183.53, 175.12, 167.01, 162.46, 158.27, 133.21, 131.38, 127.79, 128.66, 125.75, 125.8, 124.0, 120.11, 115.01, 113.34, 116.4, 118.52, 126.59, 142.03, 150.73, 156.44, 160.18, 160.78, 162.15, 161.81, 161.54, 160.59, 160.41, 160.45, 160.38, 163.47, 166.64, 174.24, 180.6, 184.53, 190.07, 196.78, 202.68, 206.24, 210.76, 213.77, 217.73, 219.35, 221.42, 224.01, 224.79, 224.91, 224.85], "Hand_Distance": [139.41348930429936, 139.71722907358276, 139.7879540589961, 139.82329777258153, 139.87281401330284, 140.01422820556488, 140.2193460261458, 140.41020226465025, 140.63657881219947, 140.86275057658074, 142.59793020938278, 143.6078218621813, 140.1557508631023, 134.46579118868857, 125.00064399834103, 117.64214593418464, 112.38960138731696, 103.78890354946427, 97.66141766327169, 92.98933541003505, 88.70969507331202, 89.21744224085332, 105.57764204603168, 124.87459989925894, 135.02245776166276, 138.87665390554312, 137.57944068791673, 134.49773232289087, 133.70061480786092, 132.91388490297018, 132.18769231664498, 126.20616664806836, 116.87545208468714, 111.00511384616476, 105.34651062090286, 101.28183696991282, 97.72969917072291, 92.6047023644048, 90.62920776438466, 93.28089461406339, 96.26975122020417, 98.96305219626161, 94.84586443277324, 80.28413791029958, 62.65946377044731, 47.99668842743214, 53.90496173822961, 59.97432200533823, 59.96716434849991, 56.147719455023264, 43.71144015014833, 28.55110505742291, 38.992678800000384, 51.79258344589503, 84.69028574754014, 111.2923775467125, 121.32571574072827, 127.01483141743722, 129.51471924071024, 132.3707977614398, 135.69308088476728, 137.79405103269156, 137.65291315478945, 137.97227620069185, 141.94702004621303, 144.2879333139123, 141.85399606637804, 135.6015401829935, 123.52860883212438, 108.06186237521543, 95.11263060182914, 83.3394264439107, 71.1863161007788, 63.903029662137314, 60.00504645444415, 57.244867892239895, 60.23799880474116, 66.68980431820144, 69.7899656111106, 71.30748768537565, 76.32409121633877, 89.5121220841066, 112.32846300025653, 147.98428024624778, 182.49729093879725, 201.2620868420081, 188.69892448024183, 153.63620699561676, 114.329385548948, 73.01202983070667, 77.55549239093256, 89.93417648480468, 106.55791148478838, 110.67701342193868, 87.84731811501133, 55.01084711218327, 81.9328560468876, 99.43842516854339, 98.076551733837, 92.12856288904109, 81.05495049656128, 69.62501346498973, 61.67551296908687, 56.667713911891674, 59.89484201498488, 72.68834982306312, 82.42945893307807, 95.04494305327349, 106.94227227808466, 120.67193915736995, 135.97308336578973, 148.46772342836, 159.03733681120292, 167.8060028723645, 174.5285632783356, 179.2086406956986, 182.04221927893536, 183.01366615638298, 182.75175867826826, 182.93563485554148, 183.36719444873447, 183.37425364537955, 182.5474365747161, 181.6137687511605, 180.27221915758403, 178.74343904043025, 172.5433539722698, 160.42398978955734, 145.48074924195296, 125.71941616154604, 123.43825055468018, 131.27030776226587, 132.85356826220365, 122.52004937968317, 108.42171184776599, 98.49566335631229, 92.72363344908352, 88.6346941101508, 81.09975215745114, 80.68296722357202, 81.73584586948371, 83.92966400504652, 86.49060353587551, 88.89644424834998, 90.35412220812064, 90.40366419565085, 90.10751855422498, 89.64701556660991, 89.7390444566912, 90.0572795502951, 90.48174180463151, 90.48879322877502, 89.58577174975946, 88.72092481483723, 88.2402861509413, 87.79454197158272, 87.44807430698516, 87.74615946011541, 88.46647557125807, 89.2099646900502, 90.05781365323057, 90.79331363046511, 91.45053581034942, 91.71882086027928, 91.54220119704352, 90.59785979812104, 88.15679043613144, 86.03476332274064, 85.03151945014272, 82.17713124708115, 82.96661979374596, 93.07977492452376, 98.54973262267129, 102.41595822917442, 109.62370728998357, 116.65890278928566, 120.92716816332053, 125.60280410882552, 130.5401796383014, 135.3045605292002, 138.38124872973214, 137.91654578041025, 135.02401156831326, 132.202651259345, 131.30277719835175, 131.15416882432672], "Initial_Frame_Count": 187, "Post_KFS_Frame_Count": 135, "Percentage_Reduction": 27.81, "Hand_Height_Threshold_Value": 208.69917889072582, "Hand_Distance_Threshold_Value": 75.5131872904802}