{"Filename": "sample2.mp4", "Hand_Height": [303.48, 303.39, 302.17, 302.52, 301.83, 300.65, 300.46, 299.96, 299.18, 298.95, 295.04, 290.29, 282.55, 253.16, 183.22, 159.83, 132.91, 123.88, 120.59, 132.12, 141.63, 143.17, 142.61, 143.68, 142.88, 143.06, 143.15, 145.85, 143.98, 145.05, 143.74, 139.27, 136.76, 135.51, 136.45, 137.54, 138.29, 135.07, 130.76, 111.06, 94.15, 92.88, 111.9, 140.91, 139.4, 140.14, 140.6, 137.59, 136.41, 132.88, 135.07, 135.51, 129.76, 126.75, 128.37, 133.19, 138.52, 136.86, 132.82, 130.74, 132.46, 136.02, 141.06, 143.22, 147.68, 153.73, 158.49, 159.21, 158.82, 159.67, 158.22, 155.63, 146.3, 135.2, 128.35, 123.63, 116.48, 114.81, 114.64, 113.62, 107.86, 105.04, 103.85, 103.46, 104.69, 105.78, 106.35, 106.56, 106.63, 106.87, 107.08, 107.98, 114.44, 125.22, 133.47, 136.66, 125.75, 128.17, 132.03, 132.76, 131.37, 131.64, 129.94, 128.9, 130.0, 130.76, 130.98, 129.8, 128.45, 127.87, 128.16, 127.43, 124.7, 124.6, 125.1, 125.54, 126.24, 126.58, 127.23, 127.77, 127.74, 144.21, 187.38, 237.52, 258.41, 277.18, 287.28, 292.02, 293.59, 295.62, 296.91, 296.99, 297.12, 296.77, 297.0, 297.27, 297.6, 297.47, 297.41, 297.52, 297.62, 297.57, 297.54, 297.76, 297.9, 297.88, 297.93, 298.04, 298.4, 298.96, 299.79, 300.14, 300.28, 300.64, 300.91], "Hand_Distance": [222.82376937840363, 221.57372971541548, 220.9144313982226, 220.67440812201127, 219.3602525527357, 218.31931499526098, 217.73265487748958, 216.77848255765605, 215.99294155133865, 213.2503148883959, 207.41363624410045, 198.86634959188046, 176.62069895683237, 141.06858083924993, 130.75777491223988, 123.05470206375695, 112.01082536969356, 99.30223461735388, 86.43587507510988, 71.8816228253091, 55.76224708528162, 38.069726818037466, 24.017626860287443, 18.442009109638775, 17.213790982813734, 17.508655002597997, 23.7850225982655, 34.427692342066734, 40.40630148875296, 38.18883606500727, 40.821974474540056, 44.82704986947055, 43.655272304728555, 43.95277920678055, 48.42985546127511, 50.91409431581788, 54.2271159107692, 53.740506138293846, 47.50399246379193, 40.79662976276351, 42.98101906656007, 38.01933455493403, 52.31545182830786, 65.79281495725805, 69.57229692916572, 70.1252857391683, 73.23179773841416, 78.0614226106596, 83.82195416476522, 85.52768499146929, 68.65827408258964, 45.13812689955133, 40.60278315583797, 41.3996582111495, 54.36931671448519, 75.31427089204276, 94.49110540151383, 114.34405144125337, 131.39239095168332, 136.48564503272863, 129.01397211155074, 117.02569034190739, 108.2070815612361, 98.23529559175765, 81.23928421644298, 66.62075727579206, 60.726312254244434, 59.164480053491545, 58.43773181772203, 58.58184445713538, 71.16610991195178, 90.28149090483606, 103.82436900843655, 112.14922425054935, 116.10852595739902, 120.77629444555748, 125.40023125975485, 125.61136891221273, 124.65675473074053, 128.1957725512039, 133.98165396799666, 136.63649768637953, 137.54646996560837, 136.73647245705882, 135.06642995207952, 134.02538043221517, 133.55135678831573, 133.296731017681, 132.88695835182622, 131.8350393484221, 130.46275330530165, 125.53779072454637, 113.20078842481618, 98.92721415262841, 87.00374532168144, 73.84045300511096, 62.13743638097729, 54.77266197657369, 43.79914725197282, 29.73817243880328, 22.387775682278047, 15.518959372329075, 10.931294525352431, 18.28562823640467, 30.00697418934471, 55.89360696895486, 85.92010998596312, 106.04372164348064, 121.3445482912191, 132.48758621093523, 137.4229809747991, 143.115467368136, 150.8096923277811, 155.7519784786055, 158.60553741909519, 163.34221315997897, 167.90225311174356, 171.98024334207693, 176.34058211313695, 178.91378761850635, 178.98420991808186, 170.99273464097823, 155.5112938020901, 151.61593616767337, 171.48362778994385, 187.38342349311478, 199.20257879856877, 210.02800408516956, 216.0252994443012, 218.39233617505903, 219.25265996105955, 219.3588302302873, 219.85375684759174, 220.37709953622675, 220.65974259026044, 221.2261874191209, 221.4943466547171, 221.43770591297226, 221.68504708256708, 221.78406728166925, 221.7416652323149, 221.72751407978217, 221.86182366509115, 221.65685755238883, 221.3103255611902, 221.15471733607674, 221.03453417961637, 220.95672879548158, 220.95672879548164, 220.9143010309654, 220.907229623659, 220.98502256940407, 221.13351735998776, 221.25371590099903], "Initial_Frame_Count": 155, "Post_KFS_Frame_Count": 75, "Percentage_Reduction": 51.61, "Hand_Height_Threshold_Value": 255.61269219259717, "Hand_Distance_Threshold_Value": 56.264760516630815}