{"Filename": "sample5.mp4", "Hand_Height": [286.48, 285.75, 284.14, 282.85, 275.6, 272.67, 274.34, 266.17, 252.27, 223.3, 189.55, 168.94, 148.45, 134.71, 127.87, 125.35, 125.59, 132.53, 141.3, 147.92, 150.65, 155.31, 157.42, 157.84, 158.65, 158.83, 160.1, 163.24, 165.94, 167.66, 168.96, 169.94, 171.01, 172.14, 173.78, 175.26, 175.0, 177.77, 178.28, 172.61, 168.09, 164.53, 163.92, 162.96, 150.16, 133.24, 119.21, 99.2, 91.93, 90.91, 95.01, 104.48, 123.06, 147.47, 147.34, 148.52, 148.88, 148.3, 146.58, 145.83, 145.76, 146.27, 146.01, 146.36, 147.19, 147.47, 147.94, 150.46, 148.21, 143.23, 139.76, 137.62, 137.24, 137.29, 138.44, 143.92, 143.93, 142.19, 138.37, 138.01, 136.4, 136.98, 138.8, 144.96, 150.86, 155.68, 156.08, 153.45, 151.32, 150.05, 148.1, 148.62, 149.07, 150.05, 156.04, 160.92, 165.97, 168.59, 169.62, 170.03, 169.98, 170.38, 170.53, 170.84, 170.98, 171.92, 172.67, 172.96, 173.04, 173.16, 172.7, 166.74, 161.12, 155.51, 151.11, 142.54, 135.69, 131.0, 127.61, 125.0, 121.92, 121.82, 121.01, 119.83, 121.75, 122.26, 123.0, 123.77, 123.82, 122.39, 119.84, 119.34, 119.64, 119.94, 120.15, 120.28, 120.41, 120.25, 120.06, 119.1, 117.94, 117.43, 117.55, 117.6, 117.67, 119.72, 124.3, 131.64, 132.87, 135.61, 142.58, 148.11, 151.07, 149.66, 149.02, 148.24, 144.69, 145.92, 146.41, 147.08, 148.12, 148.76, 149.88, 150.57, 150.73, 150.7, 150.4, 150.5, 149.71, 148.86, 147.91, 146.73, 144.02, 143.98, 143.03, 141.16, 140.32, 140.01, 139.27, 134.68, 131.39, 131.05, 131.36, 131.78, 132.24, 132.63, 132.92, 133.1, 133.23, 133.32, 133.31, 133.95, 138.39, 148.42, 154.57, 166.58, 191.38, 234.32, 252.95, 258.36, 268.81, 266.18, 271.99, 269.1, 273.76, 282.17, 281.47, 288.36, 290.11, 287.74, 287.7, 286.18, 286.74, 287.07, 287.44, 287.11, 286.35, 285.53, 283.92, 283.59, 283.14, 282.28, 281.38, 280.41, 279.72, 278.2], "Hand_Distance": [271.8620725662188, 270.405969793568, 270.2003597332913, 266.89844154659284, 260.93002165331615, 258.0741802273137, 249.80001461168894, 229.66065270306973, 196.33115748652838, 148.5726936553282, 104.0004326914076, 96.6762856133809, 97.30535494000318, 97.54538687195826, 98.07734192972404, 99.65768861457707, 108.30535212998477, 117.18029612524454, 118.3778716652737, 112.0917356454079, 100.83900088755344, 92.13889189696175, 89.87288411973881, 93.2596552642138, 101.49578217837431, 126.55015804020161, 147.56833027448673, 151.6602630882592, 152.13480633964076, 157.99233683948094, 159.36517342255178, 154.82935122256376, 134.03702510873626, 94.40214510274647, 66.68814062485173, 62.0867940869876, 54.18379462533054, 51.95281031859586, 51.4711899998436, 47.377743720021115, 41.26249750075727, 47.2079675478621, 49.912605622227346, 50.94101098329321, 51.44941787814513, 51.66830459769315, 52.19383201107196, 52.62998099942656, 53.01355015465388, 54.77414170938694, 56.964309001338734, 58.545555766428606, 60.68657347387477, 64.6717751418654, 66.4575082289428, 65.52800088511782, 65.63452902245889, 67.12835019572577, 68.76796710678597, 69.1833795069307, 69.30383899900494, 70.40518872924066, 72.79057768695066, 75.44328333258038, 78.33783887751821, 80.46283676331576, 79.54000817198849, 76.05810541947517, 72.50610594977502, 65.39101849642655, 56.17083228865315, 52.40746225491176, 55.829334583174095, 64.1130142794737, 72.88917958105992, 80.02228939489297, 85.52547749062848, 93.14445394117678, 100.00800367970555, 107.46490031633583, 119.10701406718245, 128.69392681863428, 129.68278567334985, 125.35087753980821, 120.31728886573201, 113.63453876352912, 107.21799289298416, 103.14698056656822, 100.82428477306448, 99.51160183616784, 97.94953853898444, 95.31372409050019, 89.17991085440711, 78.22424815873912, 69.14446109414693, 61.014785093450925, 53.36022863519234, 49.89308569331024, 46.632556224165945, 44.15324336897572, 42.2344894606292, 40.68277891196714, 40.07897204270587, 40.11444253632349, 39.777748805079455, 38.516889801748015, 36.67903079417448, 35.132164749699086, 34.90361872356505, 37.56423032620264, 43.7315835523938, 54.644364759781034, 64.45041892804112, 73.76870135768962, 85.07807531908558, 94.80195620344551, 101.57862619665616, 106.33743132124266, 110.23622362907757, 113.61687638726916, 115.03956754091178, 115.25952975784693, 116.74027796780338, 116.56511056057899, 116.0663301737416, 116.70090402391918, 117.0692214034073, 118.2450480992756, 121.14547370826531, 126.92882611920744, 131.66814345163374, 133.3189393897206, 133.72808231631828, 133.82719753473134, 134.2018945469847, 134.5059262634922, 134.85249015127604, 135.2555300163361, 135.80029933693078, 136.35863669016348, 135.99905330552855, 134.2424076065384, 132.43545786533153, 131.15585004108664, 128.40655318168152, 122.67429274301931, 111.7454115389084, 102.90455480686947, 99.17777019070351, 90.29628840655631, 77.69927284087024, 66.7429644232259, 58.077287298908864, 49.087238667498916, 38.43805666263578, 30.10974094873616, 24.7725816175868, 22.903582689177682, 24.42548054798514, 25.795317404521324, 25.77415954012855, 26.23916538306811, 26.998285130726362, 27.188278724479776, 27.032959512417424, 27.189654282465614, 28.32526787163717, 28.984846040646833, 29.11317399391555, 30.3706585374766, 31.31069146473772, 30.924406219036772, 30.307339045188378, 29.368282210575394, 27.25958913850316, 30.30767724521295, 33.40383810282884, 35.05799338239428, 36.754986056316234, 39.49364759046701, 42.496043345233936, 44.381996349871436, 45.426793855609056, 46.6542013113503, 48.20267419967485, 49.46452567244529, 50.112921487376894, 50.50207322476971, 50.97592863303228, 51.81303793448132, 53.17294518831924, 56.09954723524959, 63.468799421448, 70.66251764549575, 66.01621088793267, 77.28441498775804, 138.494429129839, 198.97261972442337, 229.75696594445182, 242.0187335724241, 249.9469259662939, 257.8806875281668, 263.2983118062097, 267.13499078181434, 276.76816290895886, 281.3394862083885, 284.23056309974834, 288.98818678278184, 287.5174429491192, 285.11972292354665, 283.5879992171742, 282.54581823130917, 282.8922354890639, 282.9699948757819, 282.4259656972071, 281.31601909596264, 280.00103606951166, 277.8261474375657, 276.02639475238595, 275.241698330758, 274.0402388336428, 272.44251522110125, 270.7595215315613, 269.2388697792353, 266.8463274995555], "Initial_Frame_Count": 226, "Post_KFS_Frame_Count": 166, "Percentage_Reduction": 26.55, "Hand_Height_Threshold_Value": 220.18851341285188, "Hand_Distance_Threshold_Value": 31.464605375977214}